{
    "temples": [
      {
        "name":"Cardston Alberta Temple",
        "location":"Canada",
        "dedicated":"26 August 1923",
        "phones":"(1) 403-653-3552",
        "Address":"348 3rd St W, Cardston AB T0K 0K0, Canada",
        "image":"https://content.churchofjesuschrist.org/templesldsorg/bc/Temples/photo-galleries/cardston-alberta/400x250/cardston-alberta-temple-exterior-1126230-wallpaper.jpg",
        "Services":"Clothing rental available, No cafeteria available, No patron housing available, Distribution center nearby",
        "website":"https://www.churchofjesuschrist.org/temples/details/cardston-alberta-temple?lang=eng",
        "history":[ "27 June 1913 Announced", "27 July 1913 Groundbreaking", "26 August 1923 Dedicated ", "2 July 1962 Rededicated ", "22 June 1991 Rededicated "],
        "ordinance":"All ordinances are available by appointment only",
        "session schedule":["9:30 AM", "1:00 PM", "3:30 PM", "6:00 PM", "7:00 PM"],
        "closure schedule":["Friday, 1 July 2022", "Monday, 19 September 2022 - Monday, 3 October 2022", "Friday, 11 November 2022", "Saturday, 24 December 2022 - Tuesday, 27 December 2022", "Saturday, 31 December 2022"]

      },
      {
        "name":"Edmonton Alberta Temple",
        "location":"Canada",
        "dedicated":"11 December 1999",
        "phones":"(1) 780-434-7436",
        "Address":"14335 53rd Ave NW, Edmonton AB T6H 5G6, Canada",
        "image":"https://content.churchofjesuschrist.org/templesldsorg/bc/Temples/photo-galleries/edmonton-alberta/400x250/edmonton-alberta-temple-lds-83329-wallpaper.jpg",
        "Services":"No clothing rental available, No cafeteria available, No patron housing available, No distribution center nearby",
        "website":"https://www.churchofjesuschrist.org/temples/details/edmonton-alberta-temple?lang=eng",
        "history":[ "11 August 1998 Announced", "27 February 1999 Groundbreaking", "11 December 1999 Dedicated"],
        "ordinance":"All ordinances are available by appointment only",
        "session schedule":["9:30 AM ", "11:00 AM", "4:30 PM ", "6:00 PM ", "7:30 PM "],
        "closure schedule":[ "Friday, 1 July 2022", "Monday, 18 July 2022 - Monday, 26 September 2022", "Saturday, 1 October 2022", "Saturday, 24 December 2022", "Saturday, 31 December 2022"]
      },
      {
        "name":"Fortaleza Brazil Temple",
        "location":"Brazil",
        "dedicated":"2 June 2019",
        "phones":"(55) 85-3533-7150",
        "Address":"Avenida Santos Dumont 7771 Bairro de Lourdes, 60177 Fortaleza -CE, Brazil",
        "image":"https://content.churchofjesuschrist.org/templesldsorg/bc/Temples/photo-galleries/fortaleza-brazil/400x250/1-Fortaleza-Temple-Photo-2233938.jpg",
        "Services":"No clothing rental available, No cafeteria available, No patron housing available, Distribution center nearby",
        "website":"https://www.churchofjesuschrist.org/temples/details/fortaleza-brazil-temple?lang=eng",
        "history":[ "3 October 2009 Announced", "15 November 2011 Groundbreaking", "2 June 2019 Dedicated"],
        "ordinance":"All ordinances are available by appointment only",
        "session schedule":["10:00 AM","3:00 PM ", "7:00 PM ", "7:40 PM "],
        "closure schedule":["Monday, 28 March 2022 - Monday, 11 April 2022", "Friday, 15 April 2022 (Limited Operations)", "Thursday, 21 April 2022 (Limited Operations)", "Saturday, 1 October 2022", "Tuesday, 15 November 2022", "Saturday, 24 December 2022", "Saturday, 31 December 2022"]
      },
      {
        "name":"Laie Hawaii Temple",
        "location":"United States",
        "dedicated":"27 November 1919",
        "phones":"(1) 808-293-2427",
        "Address":"55-600 Naniloa Loop, Laie HI 96762-2202, United States",
        "image":"https://content.churchofjesuschrist.org/templesldsorg/bc/Temples/photo-galleries/laie-hawaii/400x640/hawaii-temple-761091-wallpaper.jpg",
        "Services":"Clothing rental available, No cafeteria available, No patron housing available, Distribution center nearby",
        "website":"https://www.churchofjesuschrist.org/temples/details/laie-hawaii-temple?lang=eng",
        "history":[ "3 October 1915 Announced", "8 February 1916 Groundbreaking", "27 November 1919 Dedicated", "13 June 1978 Rededicated", "21 November 2010 Rededicated"],
        "ordinance":"All ordinances are available by appointment only",
        "session schedule":["5:30 PM", "6:00 PM", "7:00 PM", "8:00 PM"],
        "closure schedule":[ "Friday, 30 September 2022 (Limited Operations)", "Saturday, 1 October 2022", "Thursday, 24 November 2022", "Friday, 23 December 2022 (Limited Operations)", "Saturday, 24 December 2022 - Monday, 26 December 2022"]
      },
      {
        "name":"Las Vegas Nevada Temple",
        "location":"United States",
        "dedicated":"16 December 1989",
        "phones":"(1) 702-452-5011",
        "Address":"827 Temple View Dr, Las Vegas NV 89110, United States",
        "image":"https://content.churchofjesuschrist.org/templesldsorg/bc/Temples/photo-galleries/las-vegas-nevada/400x250/las-vegas-temple-lds-758757-wallpaper.jpg",
        "Services":"Clothing rental available, No cafeteria available, No patron housing available, Distribution center nearby",
        "website":"https://www.churchofjesuschrist.org/temples/details/las-vegas-nevada-temple?lang=eng",
        "history":[ "7 April 1984 Announced", "30 November 1985 Groundbreaking", "16 December 1989 Dedicated "],
        "ordinance":"All ordinances are available by appointment only",
        "session schedule":["8:00 AM ", "9:00 AM ", "10:00 AM","11:00 AM","12:00 PM","1:00 PM ", "2:00 PM ", "3:00 PM ", "4:00 PM ", "5:00 PM ", "6:00 PM ", "7:00 PM "],
        "closure schedule":[ "Monday, 11 July 2022 - Monday, 25 July 2022", "Saturday, 1 October 2022", "Wednesday, 23 November 2022 - Thursday, 24 November 2022", "Saturday, 24 December 2022"]
      }
    ]
}